{"cameraMode":{"drawMode":0,"name":"Shaded","section":"Shading Mode"},"sceneLighting":false,"audioPlay":false,"sceneViewState":{"showFog":true,"showMaterialUpdate":false,"showSkybox":false,"showFlares":true,"showImageEffects":true,"showParticleSystems":true,"showVisualEffectGraphs":true,"m_FxEnabled":true},"in2DMode":false,"pivot":{"x":0.018738269805908204,"y":0.026468753814697267,"z":0.12001609802246094},"rotation":{"x":0.07086816430091858,"y":-0.8375150561332703,"z":0.11196402460336685,"w":0.5301057696342468},"size":5.118398189544678,"orthographic":false}